Terminal hasznalat;Linux;Norbi;29
L1 (Linux);Linux;Bence;29
L1 (Windows);Linux;Norbi;16
L2 (Linux);Linux;Bence;36
L2 (Windows);Linux;Norbi;34
L3 (Linux);Linux;Bence;29
L3 (Windows);Linux;Norbi;24
B1 (Linux);BASH;Bence;47
B1 (Windows);BASH;Laci;61
B2 (Linux);BASH;Bence;47
B2 (Windows);BASH;Laci;52
B3 (Linux);BASH;Bence;37
B3 (Windows);BASH;Laci;34
A1 (Linux);AWK;Gabor;38
A1 (Windows);AWK;Istvan;58
A2 (Linux);AWK;Gabor;37
A2 (Windows);AWK;Istvan;43
A3 (Linux);AWK;Gabor;34
A3 (Windows);AWK;Istvan;44
