Eloado;Cim;Mufaj;Hossz (masodpercekben)
Rick Astley;Never Gonna Give You Up;pop;213
Imagine Dragons;Thunder;pop;204
Dragonforce;Through the Fire and Flames;metal;445
Boney M.;Rasputin;pop;284
Steppenwolf;Born To Be Wild;rock;216
Powerwolf;Incense and Iron;metal;240
Smash Mouth;All Star;rock;237
Nirvana;Smells Like Teen Spirit;rock;279
Gloryhammer;The Unicorn Invasion of Dundee;metal;265
Powerwolf;We Are The Wild;metal;221
Imagine Dragons;Radioactive;rock;188
Dschinghis Khan;Moskau;pop;275
Dschinghis Khan;Dschinghis Khan;pop;185
Bonnie Tyler;Total Eclipse of the Heart;pop;334
Gopnik McBlyat;Snakes In Tracksuits;hardbass;261
John Farnham;Thunder In Your Heart;rock;234
Ismeretlen;Perfectly Cut Screamz;metal;20
